i	j	k	lambda	costheta
mW	mW	mW	23.15	-0.333333333
mW	mW	O	1.00	-0.333333333
mW	O	mW	1.00	-0.333333333
O	mW	mW	1.00	-0.333333333
